"id_cliente","dias_ultima_sesion","pedidos_12m","ticket_promedio","pct_restaurantes","estado_t1","estado_t2"
"C-0647",30,52,109.25,0.65,"Alto Gasto","Alto Gasto"
"C-0477",95,1,0,0.38,"Inactivo","Inactivo"
"C-0536",10,17,25.45,0.57,"Medio Gasto","Bajo Gasto"
"C-0444",23,26,86.94,0.56,"Alto Gasto","Alto Gasto"
"C-0985",32,12,42.48,0.19,"Medio Gasto","Medio Gasto"
"C-0049",19,18,44.14,0.29,"Medio Gasto","Medio Gasto"
"C-0072",4,29,106.56,0.47,"Alto Gasto","Alto Gasto"
"C-0617",73,6,10.13,0.25,"Bajo Gasto","Bajo Gasto"
"C-0282",51,14,44.59,0.17,"Medio Gasto","Medio Gasto"
"C-0059",34,22,29.84,0.74,"Medio Gasto","Medio Gasto"
"C-0272",163,1,0,0.15,"Inactivo","Inactivo"
"C-0356",29,28,78.03,0.31,"Alto Gasto","Bajo Gasto"
"C-0705",18,53,110.83,0.55,"Alto Gasto","Alto Gasto"
"C-0520",32,12,18.23,0.09,"Bajo Gasto","Inactivo"
"C-0451",41,15,47.08,0.26,"Medio Gasto","Medio Gasto"
"C-0553",17,24,83.23,0.72,"Alto Gasto","Alto Gasto"
"C-0620",19,13,32.73,0.24,"Medio Gasto","Medio Gasto"
"C-0998",13,13,45.08,0.2,"Medio Gasto","Medio Gasto"
"C-0698",46,8,8.52,0.13,"Bajo Gasto","Bajo Gasto"
"C-0619",34,15,25.57,0.44,"Medio Gasto","Medio Gasto"
"C-0879",17,55,78.23,0.82,"Alto Gasto","Alto Gasto"
"C-0949",1,59,64.06,0.78,"Alto Gasto","Medio Gasto"
"C-0889",65,5,19.37,0.22,"Bajo Gasto","Bajo Gasto"
"C-0696",51,13,35.98,0.11,"Medio Gasto","Inactivo"
"C-0226",121,2,0,0.48,"Inactivo","Inactivo"
"C-0665",31,15,34.62,0.41,"Medio Gasto","Medio Gasto"
"C-0971",113,0,0,0.13,"Inactivo","Inactivo"
"C-0112",15,45,117.11,0.35,"Alto Gasto","Alto Gasto"
"C-0240",13,35,118.8,0.58,"Alto Gasto","Alto Gasto"
"C-0701",54,20,20.68,0.87,"Medio Gasto","Alto Gasto"
"C-0361",106,0,0,0.24,"Inactivo","Inactivo"
"C-0157",111,1,0,0.2,"Inactivo","Inactivo"
"C-0517",14,27,34.57,0.43,"Medio Gasto","Medio Gasto"
"C-0259",30,7,9.01,0.13,"Bajo Gasto","Bajo Gasto"
"C-0869",33,15,48.64,0.26,"Medio Gasto","Medio Gasto"
"C-0094",59,9,7.92,0.18,"Bajo Gasto","Inactivo"
"C-0957",79,2,11.94,0.24,"Bajo Gasto","Bajo Gasto"
"C-0004",19,10,11.06,0.08,"Bajo Gasto","Bajo Gasto"
"C-0941",49,23,44.28,0.7,"Medio Gasto","Medio Gasto"
"C-0541",54,2,5.81,0.13,"Bajo Gasto","Medio Gasto"
"C-0132",16,8,14.1,0.36,"Bajo Gasto","Medio Gasto"
"C-0296",88,7,7.37,0.08,"Bajo Gasto","Bajo Gasto"
"C-0643",79,2,17.62,0.19,"Bajo Gasto","Bajo Gasto"
"C-0302",66,5,19.49,0.27,"Bajo Gasto","Bajo Gasto"
"C-0438",159,0,0,0.25,"Inactivo","Bajo Gasto"
"C-0319",32,16,35.08,0.79,"Medio Gasto","Medio Gasto"
"C-0625",49,29,30.25,0.46,"Medio Gasto","Medio Gasto"
"C-0908",122,1,0,0.26,"Inactivo","Inactivo"
"C-0649",19,46,87.54,0.63,"Alto Gasto","Alto Gasto"
"C-0405",25,20,22.29,0.71,"Medio Gasto","Alto Gasto"
"C-0274",81,8,12.27,0.29,"Bajo Gasto","Bajo Gasto"
"C-0560",30,37,113.92,0.54,"Alto Gasto","Alto Gasto"
"C-0761",39,12,24.25,0.24,"Medio Gasto","Medio Gasto"
"C-0718",30,23,41.17,0.65,"Medio Gasto","Medio Gasto"
"C-0012",15,26,42.18,0.46,"Medio Gasto","Medio Gasto"
"C-0777",50,22,20.08,0.61,"Medio Gasto","Medio Gasto"
"C-0514",17,2,14.3,0.29,"Bajo Gasto","Inactivo"
"C-0393",39,4,10.53,0.18,"Bajo Gasto","Bajo Gasto"
"C-0126",51,22,22.97,0.58,"Medio Gasto","Bajo Gasto"
"C-0531",8,49,64.25,0.46,"Alto Gasto","Alto Gasto"
"C-0396",60,25,44.69,0.76,"Medio Gasto","Medio Gasto"
"C-0716",37,6,9.04,0.01,"Bajo Gasto","Bajo Gasto"
"C-0775",9,29,110.97,0.52,"Alto Gasto","Medio Gasto"
"C-0275",17,36,50.56,0.71,"Alto Gasto","Alto Gasto"
"C-0959",20,19,36.23,0.57,"Medio Gasto","Medio Gasto"
"C-0936",8,58,93.95,0.52,"Alto Gasto","Bajo Gasto"
"C-0812",67,9,19.22,0.47,"Bajo Gasto","Inactivo"
"C-0830",24,7,14.81,0.57,"Bajo Gasto","Inactivo"
"C-0819",44,26,27.47,0.68,"Medio Gasto","Medio Gasto"
"C-0828",2,42,82.24,0.59,"Alto Gasto","Inactivo"
"C-0608",35,3,8.27,0.29,"Bajo Gasto","Bajo Gasto"
"C-0715",35,20,40.63,0.68,"Medio Gasto","Medio Gasto"
"C-0926",61,3,12.31,0.33,"Bajo Gasto","Bajo Gasto"
"C-0937",17,26,64.24,0.69,"Alto Gasto","Alto Gasto"
"C-0594",3,27,66.6,0.57,"Alto Gasto","Alto Gasto"
"C-0786",9,57,119.12,0.74,"Alto Gasto","Alto Gasto"
"C-0439",15,29,114.45,0.68,"Alto Gasto","Alto Gasto"
"C-0088",179,2,0,0.14,"Inactivo","Bajo Gasto"
"C-0402",13,26,39.39,0.75,"Medio Gasto","Medio Gasto"
"C-0760",151,2,0,0.31,"Inactivo","Inactivo"
"C-0709",20,23,22.38,0.67,"Medio Gasto","Medio Gasto"
"C-0861",59,13,32.26,0.21,"Medio Gasto","Medio Gasto"
"C-0392",29,9,7.92,0.28,"Bajo Gasto","Bajo Gasto"
"C-0242",30,10,44.47,0.01,"Medio Gasto","Medio Gasto"
"C-0948",17,18,38.73,0.57,"Medio Gasto","Inactivo"
"C-0787",66,9,15.29,0.26,"Bajo Gasto","Bajo Gasto"
"C-0991",25,9,8.53,0.37,"Bajo Gasto","Bajo Gasto"
"C-0170",45,20,43.86,0.43,"Medio Gasto","Medio Gasto"
"C-0905",48,12,42.74,0.16,"Medio Gasto","Medio Gasto"
"C-0624",15,13,23.85,0.2,"Medio Gasto","Bajo Gasto"
"C-0212",6,34,91.77,0.41,"Alto Gasto","Alto Gasto"
"C-0931",93,2,0,0.42,"Inactivo","Inactivo"
"C-0843",155,0,0,0.33,"Inactivo","Inactivo"
"C-0780",22,2,18.14,0.3,"Bajo Gasto","Medio Gasto"
"C-0033",8,57,63.04,0.58,"Alto Gasto","Alto Gasto"
"C-0662",172,1,0,0.16,"Inactivo","Inactivo"
"C-0508",11,28,34.68,0.41,"Medio Gasto","Alto Gasto"
"C-0839",156,1,0,0.15,"Inactivo","Inactivo"
"C-0695",18,51,57.33,0.72,"Alto Gasto","Alto Gasto"
"C-0345",52,10,17.15,0.23,"Bajo Gasto","Inactivo"
"C-0751",37,28,23.83,0.61,"Medio Gasto","Bajo Gasto"
"C-0809",58,6,12.17,0.39,"Bajo Gasto","Inactivo"
"C-0720",33,29,24.74,0.77,"Medio Gasto","Medio Gasto"
"C-0710",41,14,25.58,0.48,"Medio Gasto","Medio Gasto"
"C-0708",20,28,118.46,0.56,"Alto Gasto","Alto Gasto"
"C-0173",65,2,6.37,0.32,"Bajo Gasto","Bajo Gasto"
"C-0404",38,28,36.28,0.59,"Medio Gasto","Medio Gasto"
"C-0808",51,10,12.95,0.3,"Bajo Gasto","Medio Gasto"
"C-0071",66,2,5.27,0.13,"Bajo Gasto","Bajo Gasto"
"C-0040",16,6,6.37,0.21,"Bajo Gasto","Bajo Gasto"
"C-0702",37,24,46.41,0.77,"Medio Gasto","Medio Gasto"
"C-0847",91,0,0,0.21,"Inactivo","Inactivo"
"C-0340",23,30,35.31,0.68,"Medio Gasto","Medio Gasto"
"C-0860",21,27,38.93,0.61,"Medio Gasto","Medio Gasto"
"C-0201",30,25,21.14,0.62,"Medio Gasto","Alto Gasto"
"C-0194",29,24,56.66,0.58,"Alto Gasto","Inactivo"
"C-0700",21,22,26.45,0.54,"Medio Gasto","Medio Gasto"
"C-0737",27,13,49.59,0.24,"Medio Gasto","Bajo Gasto"
"C-0999",34,10,16.26,0.31,"Bajo Gasto","Medio Gasto"
"C-0342",83,4,10.77,0.17,"Bajo Gasto","Medio Gasto"
"C-0216",88,12,5.78,0.41,"Bajo Gasto","Bajo Gasto"
"C-0051",53,22,47.25,0.54,"Medio Gasto","Alto Gasto"
"C-0415",78,10,16.67,0.28,"Bajo Gasto","Bajo Gasto"
"C-0956",11,18,27.1,0.62,"Medio Gasto","Medio Gasto"
"C-0028",28,7,6.73,0.31,"Bajo Gasto","Medio Gasto"
"C-0229",28,34,92.64,0.64,"Alto Gasto","Alto Gasto"
"C-0713",88,9,5.79,0.34,"Bajo Gasto","Inactivo"
"C-0426",29,56,70.12,0.64,"Alto Gasto","Alto Gasto"
"C-0338",55,24,43.96,0.58,"Medio Gasto","Medio Gasto"
"C-0636",36,5,13.08,0.29,"Bajo Gasto","Bajo Gasto"
"C-0896",30,38,65.25,0.8,"Alto Gasto","Alto Gasto"
"C-0483",46,4,6.17,0.26,"Bajo Gasto","Medio Gasto"
"C-0628",39,30,39.29,0.76,"Medio Gasto","Medio Gasto"
"C-0164",7,44,84.98,0.3,"Alto Gasto","Alto Gasto"
"C-0854",15,33,103.8,0.64,"Alto Gasto","Alto Gasto"
"C-0411",45,22,43.19,0.47,"Medio Gasto","Bajo Gasto"
"C-0455",13,14,44.84,0.16,"Medio Gasto","Alto Gasto"
"C-0060",54,14,41.87,0.14,"Medio Gasto","Medio Gasto"
"C-0612",12,39,106.95,0.79,"Alto Gasto","Alto Gasto"
"C-0942",3,48,74.01,0.67,"Alto Gasto","Alto Gasto"
"C-0481",67,6,18.19,0.27,"Bajo Gasto","Inactivo"
"C-0871",67,8,10.38,0.01,"Bajo Gasto","Bajo Gasto"
"C-0391",51,5,8.03,0.22,"Bajo Gasto","Inactivo"
"C-0878",71,10,5.84,0.34,"Bajo Gasto","Inactivo"
"C-0357",10,17,29.21,0.81,"Medio Gasto","Medio Gasto"
"C-0900",34,14,20.71,0.12,"Medio Gasto","Medio Gasto"
"C-0081",42,23,20.59,0.65,"Medio Gasto","Medio Gasto"
"C-0919",139,2,0,0.2,"Inactivo","Inactivo"
"C-0294",10,32,52.43,0.68,"Alto Gasto","Medio Gasto"
"C-0495",70,4,11.34,0.17,"Bajo Gasto","Bajo Gasto"
"C-0423",46,18,36.75,0.55,"Medio Gasto","Medio Gasto"
"C-0799",24,47,119.19,0.69,"Alto Gasto","Medio Gasto"
"C-0515",55,12,45.99,0.15,"Medio Gasto","Medio Gasto"
"C-0500",58,27,49.91,0.59,"Medio Gasto","Medio Gasto"
"C-0123",72,4,6.24,0.35,"Bajo Gasto","Inactivo"
"C-0410",15,30,58.74,0.57,"Alto Gasto","Medio Gasto"
"C-0489",54,20,42.36,0.84,"Medio Gasto","Bajo Gasto"
"C-0537",61,11,11.5,0.41,"Bajo Gasto","Inactivo"
"C-0109",36,13,29.45,0.21,"Medio Gasto","Medio Gasto"
"C-0443",16,8,10.25,0.37,"Bajo Gasto","Bajo Gasto"
"C-0916",25,43,100.35,0.75,"Alto Gasto","Alto Gasto"
"C-0457",21,23,37.21,0.56,"Medio Gasto","Bajo Gasto"
"C-0685",40,6,12.3,0.16,"Bajo Gasto","Bajo Gasto"
"C-0067",6,40,50.96,0.49,"Alto Gasto","Alto Gasto"
"C-0876",85,9,7.9,0.27,"Bajo Gasto","Bajo Gasto"
"C-0739",18,8,5.73,0.28,"Bajo Gasto","Medio Gasto"
"C-0902",89,12,19.42,0.29,"Bajo Gasto","Bajo Gasto"
"C-0011",53,7,15.57,0.41,"Bajo Gasto","Medio Gasto"
"C-0512",21,17,23.62,0.46,"Medio Gasto","Alto Gasto"
"C-0292",50,24,25.5,0.34,"Medio Gasto","Alto Gasto"
"C-0940",11,11,43.31,0.29,"Medio Gasto","Medio Gasto"
"C-0493",30,37,116.7,0.73,"Alto Gasto","Medio Gasto"
"C-0486",4,52,98.26,0.7,"Alto Gasto","Alto Gasto"
"C-0724",53,4,5.37,0.11,"Bajo Gasto","Medio Gasto"
"C-0207",58,20,39.99,0.71,"Medio Gasto","Medio Gasto"
"C-0921",171,1,0,0.01,"Inactivo","Inactivo"
"C-0303",19,22,30.62,0.49,"Medio Gasto","Alto Gasto"
"C-0910",44,30,48.49,0.68,"Medio Gasto","Medio Gasto"
"C-0572",12,30,39.41,0.4,"Medio Gasto","Medio Gasto"
"C-0046",15,31,106.85,0.71,"Alto Gasto","Medio Gasto"
"C-0230",58,27,49.93,0.62,"Medio Gasto","Medio Gasto"
"C-0816",3,44,103.56,0.59,"Alto Gasto","Inactivo"
"C-0251",28,25,39.58,0.64,"Medio Gasto","Alto Gasto"
"C-0210",22,28,119.97,0.54,"Alto Gasto","Alto Gasto"
"C-0602",21,27,22.37,0.67,"Medio Gasto","Alto Gasto"
"C-0003",45,21,29.12,0.34,"Medio Gasto","Alto Gasto"
"C-0019",4,24,108.69,0.47,"Alto Gasto","Alto Gasto"
"C-0025",24,3,14.12,0.14,"Bajo Gasto","Bajo Gasto"
"C-0182",37,21,24.95,0.56,"Medio Gasto","Medio Gasto"
"C-0898",46,30,23.89,0.52,"Medio Gasto","Bajo Gasto"
"C-0488",12,52,75.43,0.85,"Alto Gasto","Alto Gasto"
"C-0037",16,10,5.31,0.01,"Bajo Gasto","Bajo Gasto"
"C-0544",59,29,48.17,0.68,"Medio Gasto","Bajo Gasto"
"C-0241",14,34,57.83,0.62,"Alto Gasto","Alto Gasto"
"C-0144",86,5,15.51,0.49,"Bajo Gasto","Bajo Gasto"
"C-0511",79,5,6.08,0.18,"Bajo Gasto","Bajo Gasto"
"C-0680",59,10,17.03,0.26,"Bajo Gasto","Bajo Gasto"
"C-0346",4,50,88.6,0.59,"Alto Gasto","Alto Gasto"
"C-0747",15,53,105.88,0.47,"Alto Gasto","Alto Gasto"
"C-0499",86,3,17.62,0.09,"Bajo Gasto","Bajo Gasto"
"C-0223",175,1,0,0.32,"Inactivo","Inactivo"
"C-0096",47,22,49.32,0.74,"Medio Gasto","Medio Gasto"
"C-0859",2,58,75.05,0.66,"Alto Gasto","Alto Gasto"
"C-0399",82,7,14.69,0.24,"Bajo Gasto","Medio Gasto"
"C-0874",25,55,61.7,0.42,"Alto Gasto","Alto Gasto"
"C-0923",70,12,12.27,0.41,"Bajo Gasto","Medio Gasto"
"C-0826",11,13,49.61,0.3,"Medio Gasto","Bajo Gasto"
"C-0584",47,27,20.7,0.77,"Medio Gasto","Medio Gasto"
"C-0350",15,36,55.7,0.62,"Alto Gasto","Medio Gasto"
"C-0063",33,8,5.43,0.19,"Bajo Gasto","Bajo Gasto"
"C-0661",20,11,29.73,0.25,"Medio Gasto","Bajo Gasto"
"C-0435",52,22,38.14,0.82,"Medio Gasto","Medio Gasto"
"C-0903",54,26,32.73,0.72,"Medio Gasto","Alto Gasto"
"C-0899",13,14,45.77,0.28,"Medio Gasto","Bajo Gasto"
"C-0674",15,21,22.07,0.7,"Medio Gasto","Medio Gasto"
"C-0670",63,4,14.2,0.16,"Bajo Gasto","Medio Gasto"
"C-0133",168,2,0,0.26,"Inactivo","Inactivo"
"C-0613",37,11,32.19,0.37,"Medio Gasto","Medio Gasto"
"C-0699",13,29,84.58,0.59,"Alto Gasto","Bajo Gasto"
"C-0283",1,34,86.88,0.89,"Alto Gasto","Alto Gasto"
"C-0659",4,47,81.11,0.56,"Alto Gasto","Alto Gasto"
"C-0829",19,31,111.27,0.64,"Alto Gasto","Alto Gasto"
"C-0473",18,51,115.02,0.39,"Alto Gasto","Medio Gasto"
"C-0638",25,5,13.4,0.27,"Bajo Gasto","Bajo Gasto"
"C-0800",77,12,18.91,0.12,"Bajo Gasto","Bajo Gasto"
"C-0298",56,12,29.01,0.26,"Medio Gasto","Medio Gasto"
"C-0429",84,4,8.66,0.32,"Bajo Gasto","Bajo Gasto"
"C-0205",20,59,83.55,0.61,"Alto Gasto","Alto Gasto"
"C-0374",11,30,104.19,0.61,"Alto Gasto","Alto Gasto"
"C-0888",39,10,21.63,0.53,"Medio Gasto","Alto Gasto"
"C-0663",11,22,21.69,0.31,"Medio Gasto","Medio Gasto"
"C-0604",48,4,18.85,0.04,"Bajo Gasto","Bajo Gasto"
"C-0497",21,8,9.47,0.21,"Bajo Gasto","Inactivo"
"C-0863",52,11,19.49,0.24,"Bajo Gasto","Bajo Gasto"
"C-0015",112,1,0,0.43,"Inactivo","Inactivo"
"C-0789",19,27,71.91,0.76,"Alto Gasto","Medio Gasto"
"C-0823",32,20,22.05,0.54,"Medio Gasto","Alto Gasto"
"C-0832",30,10,30.27,0.21,"Medio Gasto","Alto Gasto"
"C-0145",23,14,28.1,0.41,"Medio Gasto","Alto Gasto"
"C-0719",81,4,7.38,0.28,"Bajo Gasto","Bajo Gasto"
"C-0924",28,37,118.56,0.46,"Alto Gasto","Alto Gasto"
"C-0265",132,1,0,0.24,"Inactivo","Alto Gasto"
"C-0945",33,7,17.77,0.1,"Bajo Gasto","Bajo Gasto"
"C-0918",29,4,15.53,0.27,"Bajo Gasto","Medio Gasto"
"C-0430",24,4,15.35,0.27,"Bajo Gasto","Bajo Gasto"
"C-0655",28,16,28.55,0.34,"Medio Gasto","Medio Gasto"
"C-0127",84,4,10.4,0.19,"Bajo Gasto","Bajo Gasto"
"C-0057",39,16,46.43,0.69,"Medio Gasto","Medio Gasto"
"C-0622",107,0,0,0.12,"Inactivo","Bajo Gasto"
"C-0384",10,51,112.73,0.7,"Alto Gasto","Alto Gasto"
"C-0781",63,5,8.84,0.29,"Bajo Gasto","Inactivo"
"C-0385",20,23,33.43,0.6,"Medio Gasto","Medio Gasto"
"C-0266",17,24,86.8,0.88,"Alto Gasto","Alto Gasto"
"C-0152",23,10,45.96,0.41,"Medio Gasto","Medio Gasto"
"C-0526",51,7,12.61,0.31,"Bajo Gasto","Bajo Gasto"
"C-0401",4,60,116.71,0.65,"Alto Gasto","Alto Gasto"
"C-0932",22,59,79.02,0.75,"Alto Gasto","Alto Gasto"
"C-0083",119,1,0,0.31,"Inactivo","Inactivo"
"C-0082",9,30,57.41,0.69,"Alto Gasto","Bajo Gasto"
"C-0195",106,1,0,0.46,"Inactivo","Inactivo"
"C-0855",12,15,23.76,0.27,"Medio Gasto","Medio Gasto"
"C-0461",165,1,0,0.1,"Inactivo","Inactivo"
"C-0138",8,32,68.57,0.63,"Alto Gasto","Alto Gasto"
"C-0590",25,45,86.97,0.5,"Alto Gasto","Alto Gasto"
"C-0099",36,15,34.17,0.12,"Medio Gasto","Medio Gasto"
"C-0583",57,10,11.19,0.2,"Bajo Gasto","Inactivo"
"C-0227",168,1,0,0.44,"Inactivo","Inactivo"
"C-0967",157,0,0,0.13,"Inactivo","Inactivo"
"C-0946",16,49,76.88,0.65,"Alto Gasto","Alto Gasto"
"C-0822",3,32,89.77,0.57,"Alto Gasto","Medio Gasto"
"C-0353",18,17,29.56,0.73,"Medio Gasto","Alto Gasto"
"C-0589",57,2,9.39,0.16,"Bajo Gasto","Bajo Gasto"
"C-0232",17,11,15.56,0.22,"Bajo Gasto","Medio Gasto"
"C-0814",16,43,53.33,0.58,"Alto Gasto","Alto Gasto"
"C-0178",71,4,11.47,0.52,"Bajo Gasto","Bajo Gasto"
"C-0031",48,27,47.01,0.64,"Medio Gasto","Medio Gasto"
"C-0837",81,8,7.39,0.17,"Bajo Gasto","Bajo Gasto"
"C-0460",25,16,41.51,0.54,"Medio Gasto","Medio Gasto"
"C-0095",43,17,40.72,0.56,"Medio Gasto","Medio Gasto"
"C-0750",73,10,6.79,0.17,"Bajo Gasto","Bajo Gasto"
"C-0367",18,12,21.13,0.07,"Medio Gasto","Bajo Gasto"
"C-0642",27,6,19.06,0.36,"Bajo Gasto","Alto Gasto"
"C-0725",169,0,0,0.3,"Inactivo","Bajo Gasto"
"C-0682",31,17,35.12,0.86,"Medio Gasto","Bajo Gasto"
"C-0795",8,54,84.4,0.49,"Alto Gasto","Alto Gasto"
"C-0815",20,55,116.5,0.77,"Alto Gasto","Alto Gasto"
"C-0373",14,25,72.09,0.6,"Alto Gasto","Inactivo"
"C-0765",121,1,0,0.36,"Inactivo","Bajo Gasto"
"C-0293",24,10,18.81,0.41,"Bajo Gasto","Medio Gasto"
"C-0467",34,24,30.57,0.81,"Medio Gasto","Medio Gasto"
"C-0523",20,17,20.94,0.59,"Medio Gasto","Alto Gasto"
"C-0581",42,12,9.74,0.2,"Bajo Gasto","Medio Gasto"
"C-0349",68,4,8.95,0.31,"Bajo Gasto","Bajo Gasto"
"C-0807",50,10,16.81,0.29,"Bajo Gasto","Bajo Gasto"
"C-0856",56,11,18.65,0.32,"Bajo Gasto","Medio Gasto"
"C-0618",33,7,10.2,0.16,"Bajo Gasto","Bajo Gasto"
"C-0980",86,10,15.62,0.31,"Bajo Gasto","Medio Gasto"
"C-0419",80,11,5.64,0.21,"Bajo Gasto","Inactivo"
"C-0108",13,28,110.73,0.53,"Alto Gasto","Alto Gasto"
"C-0131",39,12,49.59,0.29,"Medio Gasto","Medio Gasto"
"C-0372",31,22,37.33,0.6,"Medio Gasto","Bajo Gasto"
"C-0369",51,25,34.72,0.62,"Medio Gasto","Medio Gasto"
"C-0973",53,26,45.96,0.72,"Medio Gasto","Alto Gasto"
"C-0513",49,30,42.21,0.57,"Medio Gasto","Medio Gasto"
"C-0883",10,54,71.77,0.44,"Alto Gasto","Alto Gasto"
"C-0269",17,9,13.98,0.28,"Bajo Gasto","Bajo Gasto"
"C-0681",158,2,0,0.27,"Inactivo","Inactivo"
"C-0784",53,10,28.94,0.07,"Medio Gasto","Medio Gasto"
"C-0666",22,11,34.47,0.34,"Medio Gasto","Medio Gasto"
"C-0703",57,29,37.6,0.31,"Medio Gasto","Bajo Gasto"
"C-0007",57,29,38.08,0.54,"Medio Gasto","Bajo Gasto"
"C-0496",21,48,55.82,0.69,"Alto Gasto","Alto Gasto"
"C-0427",21,28,22.55,0.49,"Medio Gasto","Medio Gasto"
"C-0289",40,10,21.75,0.08,"Medio Gasto","Bajo Gasto"
"C-0587",20,49,101.17,0.56,"Alto Gasto","Alto Gasto"
"C-0507",73,7,16.59,0.29,"Bajo Gasto","Bajo Gasto"
"C-0836",55,22,49.56,0.6,"Medio Gasto","Medio Gasto"
"C-0972",23,46,70.3,0.59,"Alto Gasto","Alto Gasto"
"C-0370",7,28,110.53,0.65,"Alto Gasto","Alto Gasto"
"C-0140",10,13,45.52,0.27,"Medio Gasto","Medio Gasto"
"C-0376",41,26,40.44,0.65,"Medio Gasto","Alto Gasto"
"C-0327",53,12,12.46,0.11,"Bajo Gasto","Medio Gasto"
"C-0148",10,27,49.33,0.5,"Medio Gasto","Medio Gasto"
"C-0113",83,12,14.71,0.13,"Bajo Gasto","Bajo Gasto"
"C-0796",147,1,0,0.19,"Inactivo","Inactivo"
"C-0199",11,15,43.03,0.14,"Medio Gasto","Medio Gasto"
"C-0729",17,5,7.04,0.14,"Bajo Gasto","Medio Gasto"
"C-0935",32,11,17,0.29,"Bajo Gasto","Alto Gasto"
"C-0297",178,0,0,0.3,"Inactivo","Inactivo"
"C-0556",39,5,10.89,0.19,"Bajo Gasto","Bajo Gasto"
"C-0817",27,34,73.25,0.53,"Alto Gasto","Alto Gasto"
"C-0600",80,7,18.5,0.28,"Bajo Gasto","Bajo Gasto"
"C-0022",99,1,0,0.13,"Inactivo","Inactivo"
"C-0250",14,11,43.81,0.37,"Medio Gasto","Medio Gasto"
"C-0635",93,0,0,0.15,"Inactivo","Inactivo"
"C-0821",29,47,116.98,0.48,"Alto Gasto","Alto Gasto"
"C-0990",30,4,10.24,0.14,"Bajo Gasto","Bajo Gasto"
"C-0029",26,51,66.24,0.51,"Alto Gasto","Alto Gasto"
"C-0044",38,11,32.67,0.3,"Medio Gasto","Medio Gasto"
"C-0502",24,34,84.7,0.69,"Alto Gasto","Alto Gasto"
"C-0104",36,2,6.64,0.25,"Bajo Gasto","Bajo Gasto"
"C-0785",67,5,5.28,0.27,"Bajo Gasto","Inactivo"
"C-0783",38,6,5.68,0.41,"Bajo Gasto","Medio Gasto"
"C-0634",58,8,9.43,0.32,"Bajo Gasto","Bajo Gasto"
"C-0557",47,23,35.14,0.42,"Medio Gasto","Medio Gasto"
"C-0264",46,30,32.32,0.77,"Medio Gasto","Alto Gasto"
"C-0407",50,16,22,0.68,"Medio Gasto","Medio Gasto"
"C-0172",37,14,35.31,0.2,"Medio Gasto","Medio Gasto"
"C-0654",23,11,16.55,0.19,"Bajo Gasto","Inactivo"
"C-0039",6,32,52.12,0.47,"Alto Gasto","Alto Gasto"
"C-0323",166,0,0,0.24,"Inactivo","Inactivo"
"C-0989",15,30,29.33,0.7,"Medio Gasto","Medio Gasto"
"C-0575",37,27,31.91,0.7,"Medio Gasto","Medio Gasto"
"C-0285",12,55,113.76,0.7,"Alto Gasto","Alto Gasto"
"C-0913",38,15,43.76,0.19,"Medio Gasto","Medio Gasto"
"C-0135",19,13,39.24,0.43,"Medio Gasto","Inactivo"
"C-0184",28,52,103.09,0.68,"Alto Gasto","Alto Gasto"
"C-0006",17,8,5.22,0.33,"Bajo Gasto","Bajo Gasto"
"C-0831",16,13,47.01,0.27,"Medio Gasto","Alto Gasto"
"C-0092",10,53,118.51,0.42,"Alto Gasto","Alto Gasto"
"C-0841",60,12,29.38,0.23,"Medio Gasto","Medio Gasto"
"C-0776",35,17,39.26,0.58,"Medio Gasto","Alto Gasto"
"C-0873",54,3,14.61,0.31,"Bajo Gasto","Medio Gasto"
"C-0181",51,20,47.56,0.45,"Medio Gasto","Bajo Gasto"
"C-0381",56,12,18.74,0.36,"Bajo Gasto","Bajo Gasto"
"C-0794",129,1,0,0.26,"Inactivo","Inactivo"
"C-0656",6,46,83.07,0.37,"Alto Gasto","Alto Gasto"
"C-0141",34,4,18.54,0.2,"Bajo Gasto","Inactivo"
"C-0354",52,26,41.28,0.44,"Medio Gasto","Inactivo"
"C-0309",24,47,66.74,0.57,"Alto Gasto","Alto Gasto"
"C-0588",26,12,38.46,0.49,"Medio Gasto","Medio Gasto"
"C-0811",82,9,12.27,0.32,"Bajo Gasto","Inactivo"
"C-0290",16,5,7.89,0.17,"Bajo Gasto","Bajo Gasto"
"C-0089",15,29,38.08,0.76,"Medio Gasto","Medio Gasto"
"C-0772",24,51,55.38,0.58,"Alto Gasto","Medio Gasto"
"C-0306",14,30,28.88,0.72,"Medio Gasto","Medio Gasto"
"C-0834",55,22,46.76,0.56,"Medio Gasto","Alto Gasto"
"C-0200",110,0,0,0.35,"Inactivo","Inactivo"
"C-0538",65,12,11.44,0.22,"Bajo Gasto","Bajo Gasto"
"C-0852",56,19,22.02,0.67,"Medio Gasto","Medio Gasto"
"C-0835",36,30,36.71,0.52,"Medio Gasto","Medio Gasto"
"C-0322",42,4,10.69,0.34,"Bajo Gasto","Alto Gasto"
"C-0484",27,23,49.36,0.47,"Medio Gasto","Medio Gasto"
"C-0187",24,49,111.58,0.64,"Alto Gasto","Alto Gasto"
"C-0492",30,25,52.04,0.81,"Alto Gasto","Medio Gasto"
"C-0267",19,10,30.91,0.4,"Medio Gasto","Medio Gasto"
"C-0657",35,21,45.64,0.46,"Medio Gasto","Bajo Gasto"
"C-0254",53,29,31.81,0.8,"Medio Gasto","Medio Gasto"
"C-0992",8,56,61.85,0.51,"Alto Gasto","Medio Gasto"
"C-0915",23,10,8.8,0.2,"Bajo Gasto","Bajo Gasto"
"C-0255",12,19,46.05,0.73,"Medio Gasto","Medio Gasto"
"C-0225",26,14,48.14,0.22,"Medio Gasto","Bajo Gasto"
"C-0930",39,12,48.64,0.18,"Medio Gasto","Medio Gasto"
"C-0128",22,38,90.42,0.75,"Alto Gasto","Medio Gasto"
"C-0341",56,11,49.57,0.24,"Medio Gasto","Medio Gasto"
"C-0982",14,59,105.83,0.5,"Alto Gasto","Medio Gasto"
"C-0792",31,5,7.85,0.21,"Bajo Gasto","Inactivo"
"C-0907",32,8,11.86,0.14,"Bajo Gasto","Medio Gasto"
"C-0344",19,25,95.03,0.74,"Alto Gasto","Alto Gasto"
"C-0790",14,59,118.6,0.85,"Alto Gasto","Bajo Gasto"
"C-0130",47,8,12.23,0.27,"Bajo Gasto","Bajo Gasto"
"C-0687",37,12,36.73,0.11,"Medio Gasto","Alto Gasto"
"C-0371",21,28,80.81,0.56,"Alto Gasto","Alto Gasto"
"C-0048",15,11,14.13,0.36,"Bajo Gasto","Medio Gasto"
"C-0038",39,13,47.46,0.37,"Medio Gasto","Medio Gasto"
"C-0904",166,1,0,0.35,"Inactivo","Inactivo"
"C-0328",57,13,26.9,0.28,"Medio Gasto","Alto Gasto"
"C-0389",19,42,114.74,0.56,"Alto Gasto","Alto Gasto"
"C-0901",107,0,0,0.28,"Inactivo","Inactivo"
"C-0307",39,14,28.4,0.29,"Medio Gasto","Inactivo"
"C-0245",71,11,5.12,0.01,"Bajo Gasto","Inactivo"
"C-0577",10,38,102.47,0.32,"Alto Gasto","Alto Gasto"
"C-0627",7,40,83.98,0.43,"Alto Gasto","Alto Gasto"
"C-0740",20,29,39.58,0.65,"Medio Gasto","Bajo Gasto"
"C-0551",46,19,27.38,0.82,"Medio Gasto","Medio Gasto"
"C-0955",45,27,40.17,0.55,"Medio Gasto","Medio Gasto"
"C-0336",88,11,17.92,0.16,"Bajo Gasto","Inactivo"
"C-0668",144,0,0,0.12,"Inactivo","Inactivo"
"C-0313",163,2,0,0.15,"Inactivo","Bajo Gasto"
"C-0085",59,5,13.37,0.47,"Bajo Gasto","Bajo Gasto"
"C-0074",57,9,10.43,0.45,"Bajo Gasto","Medio Gasto"
"C-0987",11,39,81.97,0.59,"Alto Gasto","Medio Gasto"
"C-0530",38,10,7.53,0.15,"Bajo Gasto","Bajo Gasto"
"C-0978",80,3,17.49,0.39,"Bajo Gasto","Bajo Gasto"
"C-0752",51,23,42.46,0.65,"Medio Gasto","Medio Gasto"
"C-0644",7,55,91.57,0.73,"Alto Gasto","Medio Gasto"
"C-0149",46,12,23.05,0.16,"Medio Gasto","Medio Gasto"
"C-0534",55,4,12.69,0.56,"Bajo Gasto","Bajo Gasto"
"C-0466",49,17,29.56,0.43,"Medio Gasto","Medio Gasto"
"C-0077",119,0,0,0.45,"Inactivo","Inactivo"
"C-0966",3,51,96.4,0.65,"Alto Gasto","Alto Gasto"
"C-0712",15,11,39.08,0.26,"Medio Gasto","Bajo Gasto"
"C-0335",30,40,86.51,0.73,"Alto Gasto","Alto Gasto"
"C-0160",57,9,7.65,0.41,"Bajo Gasto","Medio Gasto"
"C-0480",31,17,45.71,0.63,"Medio Gasto","Medio Gasto"
"C-0920",19,51,68.31,0.69,"Alto Gasto","Alto Gasto"
"C-0368",4,34,62.01,0.56,"Alto Gasto","Alto Gasto"
"C-0325",49,2,6.74,0.1,"Bajo Gasto","Medio Gasto"
"C-0586",70,11,17.35,0.17,"Bajo Gasto","Bajo Gasto"
"C-0465",16,5,8.48,0.2,"Bajo Gasto","Bajo Gasto"
"C-0284",6,31,95.96,0.66,"Alto Gasto","Inactivo"
"C-0052",12,26,98.92,0.64,"Alto Gasto","Alto Gasto"
"C-0017",33,26,29.29,0.51,"Medio Gasto","Medio Gasto"
"C-0975",163,0,0,0.32,"Inactivo","Inactivo"
"C-0420",14,10,25.81,0.35,"Medio Gasto","Alto Gasto"
"C-0310",23,31,71.31,0.71,"Alto Gasto","Alto Gasto"
"C-0757",30,5,19.87,0.09,"Bajo Gasto","Medio Gasto"
"C-0315",15,12,40.24,0.14,"Medio Gasto","Medio Gasto"
"C-0933",19,50,105.14,0.69,"Alto Gasto","Alto Gasto"
"C-0069",3,57,50.24,0.76,"Alto Gasto","Alto Gasto"
"C-0684",55,19,37.55,0.81,"Medio Gasto","Bajo Gasto"
"C-0768",29,28,42.19,0.53,"Medio Gasto","Alto Gasto"
"C-0159",99,0,0,0.21,"Inactivo","Inactivo"
"C-0042",5,26,109.02,0.39,"Alto Gasto","Alto Gasto"
"C-0818",23,24,103.94,0.42,"Alto Gasto","Alto Gasto"
"C-0880",15,30,103.77,0.69,"Alto Gasto","Alto Gasto"
"C-0845",81,9,9.61,0.15,"Bajo Gasto","Medio Gasto"
"C-0045",73,5,7.86,0.28,"Bajo Gasto","Bajo Gasto"
"C-0970",1,40,83.3,0.49,"Alto Gasto","Alto Gasto"
"C-0803",1,54,81.23,0.7,"Alto Gasto","Medio Gasto"
"C-0746",13,17,47.04,0.49,"Medio Gasto","Medio Gasto"
"C-0116",28,3,5.79,0.35,"Bajo Gasto","Medio Gasto"
"C-0237",89,9,17.6,0.28,"Bajo Gasto","Bajo Gasto"
"C-0798",21,24,46.24,0.78,"Medio Gasto","Medio Gasto"
"C-0726",57,7,6.51,0.26,"Bajo Gasto","Medio Gasto"
"C-0097",22,12,27.53,0.05,"Medio Gasto","Medio Gasto"
"C-0569",32,15,21.89,0.21,"Medio Gasto","Medio Gasto"
"C-0421",21,29,44.66,0.41,"Medio Gasto","Alto Gasto"
"C-0018",43,18,42.31,0.89,"Medio Gasto","Inactivo"
"C-0311",92,0,0,0.23,"Inactivo","Medio Gasto"
"C-0478",14,26,36.52,0.53,"Medio Gasto","Bajo Gasto"
"C-0983",24,30,36.64,0.55,"Medio Gasto","Medio Gasto"
"C-0364",22,29,43.41,0.6,"Medio Gasto","Bajo Gasto"
"C-0366",141,0,0,0.38,"Inactivo","Inactivo"
"C-0697",17,31,117.76,0.54,"Alto Gasto","Alto Gasto"
"C-0580",7,32,103.63,0.59,"Alto Gasto","Alto Gasto"
"C-0005",20,7,8.83,0.19,"Bajo Gasto","Bajo Gasto"
"C-0732",5,57,105.34,0.52,"Alto Gasto","Bajo Gasto"
"C-0969",142,1,0,0.39,"Inactivo","Inactivo"
"C-0771",14,47,91.2,0.62,"Alto Gasto","Alto Gasto"
"C-0623",48,16,48.95,0.66,"Medio Gasto","Medio Gasto"
"C-0291",22,24,29.38,0.41,"Medio Gasto","Inactivo"
"C-0728",26,24,48.24,0.71,"Medio Gasto","Medio Gasto"
"C-0387",16,37,76.08,0.69,"Alto Gasto","Alto Gasto"
"C-0692",48,8,6.57,0.29,"Bajo Gasto","Bajo Gasto"
"C-0188",28,20,29.52,0.53,"Medio Gasto","Alto Gasto"
"C-0234",4,32,57.88,0.77,"Alto Gasto","Alto Gasto"
"C-0463",39,3,8.68,0.32,"Bajo Gasto","Inactivo"
"C-0714",23,7,14.94,0.24,"Bajo Gasto","Inactivo"
"C-0603",16,15,41,0.08,"Medio Gasto","Medio Gasto"
"C-0532",75,5,10.52,0.22,"Bajo Gasto","Alto Gasto"
"C-0268",14,13,44.31,0.06,"Medio Gasto","Inactivo"
"C-0806",25,9,13.85,0.24,"Bajo Gasto","Bajo Gasto"
"C-0672",17,50,82.28,0.58,"Alto Gasto","Bajo Gasto"
"C-0276",32,25,47.41,0.47,"Medio Gasto","Medio Gasto"
"C-0105",29,12,21.75,0.23,"Medio Gasto","Medio Gasto"
"C-0756",108,2,0,0.51,"Inactivo","Bajo Gasto"
"C-0202",111,1,0,0.03,"Inactivo","Medio Gasto"
"C-0238",115,2,0,0.3,"Inactivo","Inactivo"
"C-0332",79,9,14.04,0.19,"Bajo Gasto","Bajo Gasto"
"C-0432",51,19,49.56,0.82,"Medio Gasto","Inactivo"
"C-0505",63,2,14.74,0.13,"Bajo Gasto","Bajo Gasto"
"C-0693",60,12,45.07,0.33,"Medio Gasto","Bajo Gasto"
"C-0848",14,19,48.76,0.53,"Medio Gasto","Medio Gasto"
"C-0174",18,46,81.11,0.6,"Alto Gasto","Medio Gasto"
"C-0548",14,30,70.73,0.7,"Alto Gasto","Medio Gasto"
"C-0596",26,47,90.93,0.66,"Alto Gasto","Inactivo"
"C-0993",15,41,51.78,0.66,"Alto Gasto","Alto Gasto"
"C-0491",12,13,23.51,0.44,"Medio Gasto","Medio Gasto"
"C-0833",19,35,85.6,0.62,"Alto Gasto","Alto Gasto"
"C-0362",47,5,18.84,0.39,"Bajo Gasto","Bajo Gasto"
"C-0562",87,6,11,0.31,"Bajo Gasto","Bajo Gasto"
"C-0151",64,8,8.03,0.17,"Bajo Gasto","Inactivo"
"C-0825",28,24,38.6,0.72,"Medio Gasto","Bajo Gasto"
"C-0652",72,11,15.5,0.32,"Bajo Gasto","Bajo Gasto"
"C-0774",25,33,109.86,0.52,"Alto Gasto","Alto Gasto"
"C-0671",33,29,31.18,0.63,"Medio Gasto","Inactivo"
"C-0576",76,2,7.56,0.3,"Bajo Gasto","Bajo Gasto"
"C-0965",6,52,84.88,0.53,"Alto Gasto","Alto Gasto"
"C-0984",49,17,40.43,0.84,"Medio Gasto","Bajo Gasto"
"C-0571",23,20,32.08,0.67,"Medio Gasto","Medio Gasto"
"C-0597",147,0,0,0.29,"Inactivo","Inactivo"
"C-0320",20,58,100.41,0.32,"Alto Gasto","Alto Gasto"
"C-0036",14,52,56.86,0.74,"Alto Gasto","Alto Gasto"
"C-0882",31,18,25.55,0.8,"Medio Gasto","Medio Gasto"
"C-0120",8,32,65.44,0.59,"Alto Gasto","Medio Gasto"
"C-0474",103,0,0,0.47,"Inactivo","Inactivo"
"C-0147",57,24,30.56,0.66,"Medio Gasto","Alto Gasto"
"C-0395",16,27,29.29,0.62,"Medio Gasto","Alto Gasto"
"C-0024",2,59,117.93,0.59,"Alto Gasto","Alto Gasto"
"C-0870",109,2,0,0.15,"Inactivo","Medio Gasto"
"C-0121",12,46,81.73,0.59,"Alto Gasto","Alto Gasto"
"C-0611",4,51,118.88,0.51,"Alto Gasto","Inactivo"
"C-0977",15,13,33.18,0.23,"Medio Gasto","Medio Gasto"
"C-0191",73,10,12.19,0.01,"Bajo Gasto","Bajo Gasto"
"C-0458",51,5,13.6,0.17,"Bajo Gasto","Medio Gasto"
"C-0468",157,2,0,0.3,"Inactivo","Inactivo"
"C-0753",19,10,28.23,0.55,"Medio Gasto","Bajo Gasto"
"C-0592",10,17,22.03,0.69,"Medio Gasto","Medio Gasto"
"C-0047",60,3,18.17,0.28,"Bajo Gasto","Bajo Gasto"
"C-0068",164,0,0,0.28,"Inactivo","Medio Gasto"
"C-0142",17,52,94.4,0.54,"Alto Gasto","Alto Gasto"
"C-0547",65,12,8.62,0.1,"Bajo Gasto","Medio Gasto"
"C-0386",22,51,103.66,0.74,"Alto Gasto","Medio Gasto"
"C-0163",155,2,0,0.28,"Inactivo","Medio Gasto"
"C-0793",27,29,26.74,0.39,"Medio Gasto","Alto Gasto"
"C-0175",29,39,83.79,0.54,"Alto Gasto","Alto Gasto"
"C-0865",21,47,105.06,0.78,"Alto Gasto","Alto Gasto"
"C-0664",3,45,75.19,0.5,"Alto Gasto","Alto Gasto"
"C-0951",59,21,21.67,0.59,"Medio Gasto","Bajo Gasto"
"C-0853",156,2,0,0.38,"Inactivo","Inactivo"
"C-0446",88,12,11.33,0.08,"Bajo Gasto","Bajo Gasto"
"C-0731",30,11,28.5,0.33,"Medio Gasto","Alto Gasto"
"C-0704",52,24,49.09,0.69,"Medio Gasto","Medio Gasto"
"C-0271",21,6,18.66,0.15,"Bajo Gasto","Bajo Gasto"
"C-0721",55,3,19.12,0.06,"Bajo Gasto","Bajo Gasto"
"C-0738",3,25,60.03,0.55,"Alto Gasto","Inactivo"
"C-0114",90,12,5.23,0.12,"Bajo Gasto","Bajo Gasto"
"C-0868",79,12,15.94,0.33,"Bajo Gasto","Bajo Gasto"
"C-0591",31,2,11.81,0.01,"Bajo Gasto","Medio Gasto"
"C-0890",39,3,17.47,0.01,"Bajo Gasto","Bajo Gasto"
"C-0280",26,21,38.45,0.76,"Medio Gasto","Alto Gasto"
"C-0678",19,28,48.69,0.48,"Medio Gasto","Medio Gasto"
"C-0221",52,7,13.56,0.14,"Bajo Gasto","Bajo Gasto"
"C-0996",50,30,42.64,0.7,"Medio Gasto","Medio Gasto"
"C-0215",17,51,92.83,0.46,"Alto Gasto","Bajo Gasto"
"C-0535",25,19,43.71,0.5,"Medio Gasto","Medio Gasto"
"C-0944",29,10,12.44,0.11,"Bajo Gasto","Inactivo"
"C-0348",17,12,7.78,0.15,"Bajo Gasto","Bajo Gasto"
"C-0994",18,19,34.52,0.69,"Medio Gasto","Medio Gasto"
"C-0305",29,59,64.43,0.53,"Alto Gasto","Alto Gasto"
"C-0448",34,15,39.28,0.32,"Medio Gasto","Medio Gasto"
"C-0988",41,2,8.28,0.53,"Bajo Gasto","Bajo Gasto"
"C-0578",26,14,40.93,0.11,"Medio Gasto","Alto Gasto"
"C-0192",50,12,7.38,0.4,"Bajo Gasto","Bajo Gasto"
"C-0054",14,49,114.85,0.6,"Alto Gasto","Medio Gasto"
"C-0110",53,7,15.65,0.51,"Bajo Gasto","Inactivo"
"C-0155",25,58,113.41,0.64,"Alto Gasto","Medio Gasto"
"C-0118",51,26,26.56,0.52,"Medio Gasto","Medio Gasto"
"C-0442",32,23,21.61,0.55,"Medio Gasto","Bajo Gasto"
"C-0605",26,43,59.42,0.63,"Alto Gasto","Alto Gasto"
"C-0359",71,4,5.73,0.36,"Bajo Gasto","Inactivo"
"C-0741",27,21,41.86,0.59,"Medio Gasto","Medio Gasto"
"C-0190",43,30,20.48,0.71,"Medio Gasto","Inactivo"
"C-0153",18,25,44.27,0.57,"Medio Gasto","Bajo Gasto"
"C-0961",55,29,27.66,0.79,"Medio Gasto","Alto Gasto"
"C-0027",9,51,99.09,0.79,"Alto Gasto","Alto Gasto"
"C-0887",29,24,95.16,0.5,"Alto Gasto","Alto Gasto"
"C-0100",61,3,10,0.33,"Bajo Gasto","Inactivo"
"C-0288",59,27,44.56,0.61,"Medio Gasto","Bajo Gasto"
"C-0766",30,39,70.07,0.71,"Alto Gasto","Bajo Gasto"
"C-0631",55,24,27.03,0.63,"Medio Gasto","Medio Gasto"
"C-0769",46,20,35.04,0.55,"Medio Gasto","Medio Gasto"
"C-0169",40,6,17.17,0.21,"Bajo Gasto","Inactivo"
"C-0510",111,2,0,0.29,"Inactivo","Inactivo"
"C-0167",49,15,34.97,0.3,"Medio Gasto","Bajo Gasto"
"C-0546",60,4,11.89,0.23,"Bajo Gasto","Medio Gasto"
"C-0103",10,34,100.74,0.38,"Alto Gasto","Medio Gasto"
"C-0554",23,29,23.59,0.62,"Medio Gasto","Medio Gasto"
"C-0609",34,20,23.78,0.84,"Medio Gasto","Alto Gasto"
"C-0312",11,30,27.26,0.76,"Medio Gasto","Bajo Gasto"
"C-0533",26,25,40.93,0.5,"Medio Gasto","Medio Gasto"
"C-0286",23,12,10.68,0.25,"Bajo Gasto","Inactivo"
"C-0824",36,5,10.73,0.46,"Bajo Gasto","Medio Gasto"
"C-0055",88,11,17.91,0.08,"Bajo Gasto","Bajo Gasto"
"C-0564",36,19,39.26,0.57,"Medio Gasto","Medio Gasto"
"C-0023",12,13,48.43,0.16,"Medio Gasto","Medio Gasto"
"C-0667",62,12,10.37,0.38,"Bajo Gasto","Inactivo"
"C-0585",48,17,25.85,0.59,"Medio Gasto","Bajo Gasto"
"C-0911",169,0,0,0.37,"Inactivo","Bajo Gasto"
"C-0183",25,29,102.76,0.64,"Alto Gasto","Alto Gasto"
"C-0331",42,15,38.49,0.22,"Medio Gasto","Medio Gasto"
"C-0968",35,14,37.87,0.28,"Medio Gasto","Medio Gasto"
"C-0846",77,2,13.5,0.38,"Bajo Gasto","Alto Gasto"
"C-0558",53,18,44.47,0.59,"Medio Gasto","Medio Gasto"
"C-0683",162,0,0,0.13,"Inactivo","Inactivo"
"C-0504",90,10,19.04,0.47,"Bajo Gasto","Inactivo"
"C-0256",20,25,118.66,0.54,"Alto Gasto","Alto Gasto"
"C-0621",40,17,45.35,0.68,"Medio Gasto","Bajo Gasto"
"C-0204",15,54,53.57,0.68,"Alto Gasto","Alto Gasto"
"C-0679",87,9,18.47,0.27,"Bajo Gasto","Bajo Gasto"
"C-0727",24,6,12.55,0.26,"Bajo Gasto","Bajo Gasto"
"C-0222",24,40,52.85,0.55,"Alto Gasto","Alto Gasto"
"C-0403",20,3,6.68,0.2,"Bajo Gasto","Bajo Gasto"
"C-0379",22,12,41.12,0.11,"Medio Gasto","Bajo Gasto"
"C-0270",24,12,36.06,0.17,"Medio Gasto","Medio Gasto"
"C-0689",4,25,81.08,0.5,"Alto Gasto","Alto Gasto"
"C-0549",42,15,36,0.46,"Medio Gasto","Inactivo"
"C-0782",82,12,17.57,0.27,"Bajo Gasto","Medio Gasto"
"C-0864",25,34,71.54,0.55,"Alto Gasto","Alto Gasto"
"C-0358",15,46,70.22,0.69,"Alto Gasto","Medio Gasto"
"C-0566",107,1,0,0.18,"Inactivo","Inactivo"
"C-0877",69,11,10.27,0.24,"Bajo Gasto","Bajo Gasto"
"C-0406",39,22,40.56,0.53,"Medio Gasto","Alto Gasto"
"C-0058",149,1,0,0.44,"Inactivo","Alto Gasto"
"C-0648",28,47,108.86,0.7,"Alto Gasto","Alto Gasto"
"C-0218",23,38,66.75,0.52,"Alto Gasto","Alto Gasto"
"C-1000",16,19,25.52,0.54,"Medio Gasto","Alto Gasto"
"C-0185",43,24,43.27,0.54,"Medio Gasto","Bajo Gasto"
"C-0244",39,8,6.52,0.15,"Bajo Gasto","Medio Gasto"
"C-0950",149,2,0,0.29,"Inactivo","Bajo Gasto"
"C-0762",47,14,39.18,0.26,"Medio Gasto","Bajo Gasto"
"C-0228",27,12,17.19,0.27,"Bajo Gasto","Alto Gasto"
"C-0842",41,5,19.62,0.3,"Bajo Gasto","Medio Gasto"
"C-0197",19,29,29.16,0.34,"Medio Gasto","Medio Gasto"
"C-0002",57,12,8.21,0.16,"Bajo Gasto","Bajo Gasto"
"C-0394",10,25,45.27,0.6,"Medio Gasto","Medio Gasto"
"C-0503",26,43,93.02,0.51,"Alto Gasto","Alto Gasto"
"C-0009",28,25,21.44,0.77,"Medio Gasto","Bajo Gasto"
"C-0032",34,18,48.55,0.61,"Medio Gasto","Medio Gasto"
"C-0193",62,5,18.07,0.11,"Bajo Gasto","Bajo Gasto"
"C-0810",38,10,17,0.3,"Bajo Gasto","Medio Gasto"
"C-0749",142,1,0,0.34,"Inactivo","Inactivo"
"C-0717",41,26,32.91,0.52,"Medio Gasto","Medio Gasto"
"C-0742",38,12,43.31,0.44,"Medio Gasto","Medio Gasto"
"C-0476",100,0,0,0.14,"Inactivo","Inactivo"
"C-0171",7,35,109.91,0.6,"Alto Gasto","Medio Gasto"
"C-0734",48,11,22.13,0.24,"Medio Gasto","Alto Gasto"
"C-0079",18,42,53.48,0.65,"Alto Gasto","Medio Gasto"
"C-0997",14,57,65.35,0.55,"Alto Gasto","Alto Gasto"
"C-0849",24,12,27.26,0.32,"Medio Gasto","Medio Gasto"
"C-0417",16,45,104,0.7,"Alto Gasto","Medio Gasto"
"C-0324",138,1,0,0.21,"Inactivo","Inactivo"
"C-0162",11,50,74.34,0.35,"Alto Gasto","Alto Gasto"
"C-0593",34,10,49.35,0.29,"Medio Gasto","Medio Gasto"
"C-0087",107,0,0,0.18,"Inactivo","Inactivo"
"C-0150",17,24,28.03,0.43,"Medio Gasto","Bajo Gasto"
"C-0542",24,21,20.97,0.77,"Medio Gasto","Inactivo"
"C-0014",17,28,44.21,0.64,"Medio Gasto","Inactivo"
"C-0561",50,12,5.14,0.45,"Bajo Gasto","Bajo Gasto"
"C-0527",22,32,56.08,0.49,"Alto Gasto","Medio Gasto"
"C-0124",90,12,16.54,0.14,"Bajo Gasto","Inactivo"
"C-0010",31,28,27.55,0.66,"Medio Gasto","Medio Gasto"
"C-0744",104,1,0,0.33,"Inactivo","Inactivo"
"C-0198",11,28,61.18,0.57,"Alto Gasto","Alto Gasto"
"C-0570",11,47,77.31,0.5,"Alto Gasto","Alto Gasto"
"C-0080",35,4,18.25,0.43,"Bajo Gasto","Medio Gasto"
"C-0851",22,60,103.74,0.6,"Alto Gasto","Alto Gasto"
"C-0260",41,19,41.02,0.72,"Medio Gasto","Alto Gasto"
"C-0220",27,19,33.18,0.77,"Medio Gasto","Medio Gasto"
"C-0521",51,16,26.12,0.67,"Medio Gasto","Alto Gasto"
"C-0454",52,2,5.73,0.11,"Bajo Gasto","Bajo Gasto"
"C-0974",120,2,0,0.3,"Inactivo","Inactivo"
"C-0107",27,27,20.37,0.61,"Medio Gasto","Bajo Gasto"
"C-0186",49,18,45,0.63,"Medio Gasto","Inactivo"
"C-0601",32,24,26.67,0.82,"Medio Gasto","Medio Gasto"
"C-0453",34,11,18.12,0.05,"Bajo Gasto","Bajo Gasto"
"C-0827",168,0,0,0.29,"Inactivo","Inactivo"
"C-0516",43,11,14.78,0.37,"Bajo Gasto","Bajo Gasto"
"C-0615",101,1,0,0.37,"Inactivo","Inactivo"
"C-0979",20,13,47.69,0.21,"Medio Gasto","Alto Gasto"
"C-0958",70,11,7.13,0.18,"Bajo Gasto","Bajo Gasto"
"C-0686",23,50,82.21,0.49,"Alto Gasto","Alto Gasto"
"C-0231",40,9,9.56,0.38,"Bajo Gasto","Bajo Gasto"
"C-0196",19,12,9.58,0.42,"Bajo Gasto","Inactivo"
"C-0233",147,2,0,0.24,"Inactivo","Inactivo"
"C-0262",7,56,56.12,0.47,"Alto Gasto","Alto Gasto"
"C-0001",56,29,42.39,0.55,"Medio Gasto","Inactivo"
"C-0885",85,10,17.81,0.13,"Bajo Gasto","Bajo Gasto"
"C-0330",30,12,19.57,0.37,"Bajo Gasto","Medio Gasto"
"C-0743",6,60,66.89,0.47,"Alto Gasto","Bajo Gasto"
"C-0962",5,41,99.31,0.75,"Alto Gasto","Alto Gasto"
"C-0675",46,24,34.42,0.55,"Medio Gasto","Bajo Gasto"
"C-0180",12,53,66.32,0.53,"Alto Gasto","Bajo Gasto"
"C-0479",21,14,47.34,0.4,"Medio Gasto","Medio Gasto"
"C-0650",52,21,34.45,0.46,"Medio Gasto","Alto Gasto"
"C-0745",161,0,0,0.43,"Inactivo","Inactivo"
"C-0343",58,27,30.79,0.74,"Medio Gasto","Bajo Gasto"
"C-0041",73,4,7.78,0.17,"Bajo Gasto","Bajo Gasto"
"C-0413",19,52,66.34,0.61,"Alto Gasto","Medio Gasto"
"C-0773",17,19,43.86,0.84,"Medio Gasto","Bajo Gasto"
"C-0119",21,19,27.08,0.63,"Medio Gasto","Bajo Gasto"
"C-0947",51,11,21.52,0.36,"Medio Gasto","Bajo Gasto"
"C-0035",18,25,26.1,0.72,"Medio Gasto","Bajo Gasto"
"C-0115",10,23,23.59,0.83,"Medio Gasto","Alto Gasto"
"C-0922",74,4,14.31,0.15,"Bajo Gasto","Bajo Gasto"
"C-0573",58,7,14.46,0.2,"Bajo Gasto","Inactivo"
"C-0422",22,46,99.7,0.57,"Alto Gasto","Alto Gasto"
"C-0469",41,10,29.76,0.32,"Medio Gasto","Medio Gasto"
"C-0891",48,7,5.12,0.3,"Bajo Gasto","Medio Gasto"
"C-0165",81,12,15.36,0.16,"Bajo Gasto","Inactivo"
"C-0755",40,28,25.4,0.62,"Medio Gasto","Inactivo"
"C-0279",149,0,0,0.46,"Inactivo","Inactivo"
"C-0134",58,10,37.88,0.32,"Medio Gasto","Medio Gasto"
"C-0875",41,27,33.83,0.58,"Medio Gasto","Alto Gasto"
"C-0779",75,4,14.88,0.41,"Bajo Gasto","Medio Gasto"
"C-0436",53,25,33.68,0.47,"Medio Gasto","Medio Gasto"
"C-0363",167,0,0,0.3,"Inactivo","Inactivo"
"C-0412",29,2,9.78,0.39,"Bajo Gasto","Bajo Gasto"
"C-0326",17,24,39.51,0.26,"Medio Gasto","Bajo Gasto"
"C-0136",44,15,30.88,0.26,"Medio Gasto","Medio Gasto"
"C-0559",20,54,61.08,0.59,"Alto Gasto","Alto Gasto"
"C-0434",36,17,29.11,0.65,"Medio Gasto","Inactivo"
"C-0690",15,21,46.83,0.49,"Medio Gasto","Medio Gasto"
"C-0582",17,11,24.89,0.43,"Medio Gasto","Medio Gasto"
"C-0805",66,4,11.55,0.22,"Bajo Gasto","Bajo Gasto"
"C-0894",15,22,26.07,0.59,"Medio Gasto","Bajo Gasto"
"C-0179",20,29,39.88,0.59,"Medio Gasto","Bajo Gasto"
"C-0673",47,29,27.67,0.54,"Medio Gasto","Medio Gasto"
"C-0565",49,20,32.34,0.64,"Medio Gasto","Medio Gasto"
"C-0146",24,10,43.74,0.33,"Medio Gasto","Medio Gasto"
"C-0658",25,8,6.5,0.34,"Bajo Gasto","Bajo Gasto"
"C-0804",59,17,28.4,0.86,"Medio Gasto","Medio Gasto"
"C-0102",75,4,9.34,0.63,"Bajo Gasto","Bajo Gasto"
"C-0263",26,24,92.83,0.43,"Alto Gasto","Medio Gasto"
"C-0217",59,10,15.48,0.33,"Bajo Gasto","Bajo Gasto"
"C-0862",11,58,73.65,0.43,"Alto Gasto","Alto Gasto"
"C-0166",3,43,118.84,0.61,"Alto Gasto","Alto Gasto"
"C-0061",69,12,13.78,0.25,"Bajo Gasto","Medio Gasto"
"C-0416",50,25,33.01,0.66,"Medio Gasto","Medio Gasto"
"C-0722",23,24,64.52,0.4,"Alto Gasto","Alto Gasto"
"C-0452",41,19,21.79,0.68,"Medio Gasto","Medio Gasto"
"C-0960",27,15,39.93,0.34,"Medio Gasto","Bajo Gasto"
"C-0857",178,0,0,0.36,"Inactivo","Inactivo"
"C-0106",151,1,0,0.36,"Inactivo","Inactivo"
"C-0912",41,29,44.07,0.7,"Medio Gasto","Medio Gasto"
"C-0433",11,37,65.19,0.72,"Alto Gasto","Alto Gasto"
"C-0034",55,10,16.4,0.2,"Bajo Gasto","Bajo Gasto"
"C-0176",11,26,67.65,0.64,"Alto Gasto","Alto Gasto"
"C-0355",87,11,13.68,0.6,"Bajo Gasto","Medio Gasto"
"C-0471",22,21,46,0.86,"Medio Gasto","Inactivo"
"C-0431",19,22,46.44,0.55,"Medio Gasto","Medio Gasto"
"C-0258",132,0,0,0.34,"Inactivo","Inactivo"
"C-0098",26,50,102.13,0.52,"Alto Gasto","Alto Gasto"
"C-0470",130,2,0,0.22,"Inactivo","Inactivo"
"C-0213",26,42,86.87,0.81,"Alto Gasto","Bajo Gasto"
"C-0056",25,31,99.06,0.68,"Alto Gasto","Alto Gasto"
"C-0398",41,6,8.99,0.2,"Bajo Gasto","Alto Gasto"
"C-0691",29,40,111.34,0.55,"Alto Gasto","Alto Gasto"
"C-0778",22,6,10.23,0.31,"Bajo Gasto","Medio Gasto"
"C-0122",36,15,47.8,0.02,"Medio Gasto","Medio Gasto"
"C-0813",33,5,5.98,0.08,"Bajo Gasto","Bajo Gasto"
"C-0449",32,27,23.89,0.64,"Medio Gasto","Alto Gasto"
"C-0261",41,27,30.44,0.56,"Medio Gasto","Medio Gasto"
"C-0062",29,38,86.02,0.67,"Alto Gasto","Alto Gasto"
"C-0895",11,42,82.92,0.42,"Alto Gasto","Inactivo"
"C-0428",45,26,33.74,0.65,"Medio Gasto","Medio Gasto"
"C-0838",28,6,6.89,0.3,"Bajo Gasto","Bajo Gasto"
"C-0161",30,19,25.75,0.67,"Medio Gasto","Bajo Gasto"
"C-0093",171,1,0,0.14,"Inactivo","Inactivo"
"C-0111",21,5,18.76,0.23,"Bajo Gasto","Bajo Gasto"
"C-0730",67,6,16.54,0.24,"Bajo Gasto","Medio Gasto"
"C-0243",78,6,9.52,0.19,"Bajo Gasto","Bajo Gasto"
"C-0610",18,20,49,0.7,"Medio Gasto","Alto Gasto"
"C-0706",75,5,5.93,0.18,"Bajo Gasto","Alto Gasto"
"C-0651",49,12,15.66,0.22,"Bajo Gasto","Alto Gasto"
"C-0203",13,20,30.76,0.8,"Medio Gasto","Medio Gasto"
"C-0579",59,28,41.32,0.95,"Medio Gasto","Medio Gasto"
"C-0867",51,24,35.22,0.49,"Medio Gasto","Medio Gasto"
"C-0893",25,30,28.05,0.61,"Medio Gasto","Bajo Gasto"
"C-0365",166,1,0,0.21,"Inactivo","Inactivo"
"C-0246",101,1,0,0.29,"Inactivo","Inactivo"
"C-0020",51,22,31.14,0.65,"Medio Gasto","Medio Gasto"
"C-0351",71,10,11.13,0.22,"Bajo Gasto","Inactivo"
"C-0383",66,3,12.38,0.26,"Bajo Gasto","Medio Gasto"
"C-0352",35,4,10.32,0.35,"Bajo Gasto","Inactivo"
"C-0447",15,30,32.69,0.66,"Medio Gasto","Alto Gasto"
"C-0482",2,44,64.15,0.63,"Alto Gasto","Alto Gasto"
"C-0723",26,25,59.11,0.49,"Alto Gasto","Alto Gasto"
"C-0802",80,3,19.17,0.31,"Bajo Gasto","Inactivo"
